Häufigste Suchanfragen,Klicks,Impressionen,CTR,Position
checkdomain dns einstellungen,5,51,9.8%,3.08
domainfactory dns einstellungen,3,97,3.09%,6.71
checkdomain dns einträge,3,66,4.55%,3.06
hosteurope nameserver ändern,2,97,2.06%,8.88
domainfactory dns settings,2,17,11.76%,6
strato ttl einstellen,1,74,1.35%,8.57
checkdomain dns,1,58,1.72%,3.28
domainfactory dns,1,46,2.17%,11.04
rider proxy,1,7,14.29%,6.29
google analytics einrichten,0,1058,0%,28.72
datenverschlüsselung,0,790,0%,47.86
google tag manager einrichten,0,694,0%,34.46
webtracking,0,637,0%,45.39
datenschutzgesetze,0,527,0%,52.43
vorteile des serverseitigen taggings,0,419,0%,16.28
was ist server-seitiges tagging?,0,396,0%,19.35
einrichten von serverseitigem tagging,0,386,0%,20.87
google analytics einbinden,0,371,0%,51.15
server side tagging,0,368,0%,54.19
webtracking tools,0,206,0%,38.75
verschlüsselungstechniken,0,192,0%,28.3
schnelle ladezeiten,0,184,0%,86.36
verschlüsselungsverfahren,0,180,0%,73.84
consent management plattform,0,176,0%,92.77
dsgvo abmahnung vermeiden,0,163,0%,36.72
server side tracking google tag manager,0,158,0%,40.51
google ads server side tracking,0,152,0%,27.48
google tag manager einbinden,0,147,0%,58.9
google server side tracking,0,144,0%,55.24
datenkontrolle,0,138,0%,73.59
google analytics konto erstellen,0,137,0%,19.06
serverside gtm,0,128,0%,71.2
datentransfer dsgvo konform,0,123,0%,49.59
ladezeit verbessern,0,123,0%,95.65
maßnahmen tracking,0,121,0%,25.07
google analytics anlegen,0,120,0%,29.89
webtracking verfahren,0,119,0%,38.68
symmetrischen verschlüsselung,0,119,0%,68
google tag manager mit analytics verbinden,0,112,0%,66.53
angebotskonfigurationslösung,0,112,0%,75.01
google tag manager server side,0,110,0%,38.79
google tag einrichten,0,108,0%,31.25
tag manager einrichten,0,108,0%,31.87
serverseitiges tagging,0,108,0%,51.34
server-side tagging,0,106,0%,55.86
usercentrics google tag manager,0,104,0%,22.41
google analytics erstellen,0,104,0%,31.83
google analytics konto einrichten,0,102,0%,26.37
google tag manager server side tracking,0,94,0%,47.62
google ads server-side tracking,0,92,0%,41.07
google analytics web,0,92,0%,60.02
was ist server side tagging,0,90,0%,70.11
google analytics proxy server,0,88,0%,27.91
server-side google tag manager,0,88,0%,33.81
webtracking setup,0,87,0%,4.57
server side tag management,0,87,0%,34.08
server-side tag manager,0,87,0%,40.03
google analytics 4 installieren,0,87,0%,43.03
server-side tracking google tag manager,0,86,0%,40.21
google tag manager cookiebot support,0,86,0%,43.24
server side tag manager,0,86,0%,51.98
server side tagging instellen,0,84,0%,22.75
server side tag,0,84,0%,46.15
datensicherheit verschlüsselung,0,84,0%,83.26
google analytics code einfügen,0,82,0%,18.67
google web tracking,0,81,0%,44.37
consent management dsgvo,0,81,0%,66.64
datentransfer bedeutung,0,78,0%,26.24
google analytics anleitung,0,78,0%,41.69
what is server-side tagging,0,78,0%,49.88
tag manager dsgvo,0,78,0%,68.88
google tag manager analytics einrichten,0,71,0%,63.96
google analytics installieren,0,69,0%,10.17
tracking schutz,0,68,0%,27.9
verschlüsselungsverfahren beispiele,0,66,0%,57.91
server side tracking google ads,0,65,0%,27.22
google analytics einrichten lassen,0,65,0%,52.92
google analytics einrichten kosten,0,65,0%,87.28
serverside tagging,0,63,0%,55.54
was ist ein proxy,0,62,0%,12.53
tag manager server side,0,61,0%,39.97
consent management prozess,0,59,0%,85.08
serverseitiges tracking integrieren,0,57,0%,63.91
datenschutz gesetze,0,57,0%,76.14
google ads server side,0,54,0%,24.56
server side conversion tracking google ads,0,54,0%,25.04
server side tracking google,0,54,0%,60.39
homomorphe verschlüsselung,0,53,0%,61.21
web tracking,0,53,0%,76.72
symmetrische verschlüsselung anzahl schlüssel,0,52,0%,31.19
symmetrische verschlüsselung aes,0,51,0%,76.1
tracking optimierung,0,50,0%,10.18
google tag manager server,0,50,0%,41.38
google analystics einbinden,0,49,0%,53
domainfactory nameserver,0,48,0%,9.15
webtracking (webanalytics),0,48,0%,72.02
server side tracking einrichten,0,47,0%,60.79
google analytics code einbauen,0,46,0%,15.39
serverside,0,46,0%,80.37
hoe server side tracking instellen,0,45,0%,62.42
cookie consent google tag manager,0,45,0%,65.31
domain eintrag,0,44,0%,72.11
webtracking datenschutz,0,44,0%,88.09
google analytics nutzen,0,41,0%,40.05
sichere verschlüsselungsverfahren,0,41,0%,43.9
tracking protection,0,41,0%,47.93
anti tracking,0,41,0%,80.24
asymmetrische symmetrische verschlüsselung,0,40,0%,66.03
symmetrische verschlüsselung asymmetrische verschlüsselung,0,37,0%,65.24
symmetrische verschlüsselung anwendung,0,35,0%,46.71
checkdomain website erstellen,0,35,0%,70.2
datenaustausch dsgvo konform,0,35,0%,83.66
google analytics leitfaden,0,35,0%,93.66
was ist ein proxy server,0,34,0%,13.79
datenverschlusselungstechniken,0,33,0%,11.88
google analytics tracking code,0,33,0%,70.12
asymmetrische verschlüsselung,0,33,0%,77.97
was ist proxy,0,32,0%,12.69
verschlüsselung von daten beispiel,0,32,0%,52.06
google tracking code,0,32,0%,58.28
datenverschlusselung,0,31,0%,45.13
einrichten von serverseitigem tracking,0,31,0%,123.1
proxyserver,0,29,0%,13.69
cross site tracking,0,29,0%,62.1
google tag manager proxy,0,28,0%,44.61
symmetrisch und asymmetrische verschlüsselung,0,28,0%,64.36
asymmetrischer verschlüsselung,0,28,0%,78.25
google analytics verwenden,0,27,0%,68.04
tracking und optimierung,0,26,0%,11.23
datenverschlusselungsmethoden,0,26,0%,26.65
symmetrische asymmetrische verschlüsselung unterschied,0,26,0%,43.81
tracking cmp,0,26,0%,47.58
asymmetrische verschlüsselung anwendungsbeispiele,0,26,0%,67.77
hosteurope hostname,0,26,0%,82.27
domainfactory txt eintrag hinzufügen,0,25,0%,6.52
tracking verhindern,0,25,0%,23.32
symmetrische verschlüsselung anwendungsbeispiele,0,25,0%,77.28
symmetrisch asymmetrisch verschlüsselung,0,24,0%,68.17
verschlüsselung asymmetrisch,0,24,0%,71.83
asymmetrische verschlüsselung signatur,0,24,0%,88.38
dns eintrag ändern,0,23,0%,18.7
3des verschlüsselung,0,23,0%,22.65
consent cmp,0,23,0%,84.3
third party proxy,0,22,0%,36.59
google analytics konto hinzufügen,0,21,0%,43.95
verschlüsselungen,0,21,0%,74.24
domainliste,0,21,0%,95.71
server side tracking google analytics,0,20,0%,55.2
asymmetrische verschlüsselung beispiele,0,20,0%,62.45
verschlüsselungsalgorithmen,0,20,0%,84.35
google analytics account erstellen,0,19,0%,15.53
arten von verschlüsselung,0,19,0%,57
symmetrischen und asymmetrischen verschlüsselung,0,19,0%,63.05
asymmetrischen verschlüsselung,0,19,0%,74.42
umsatz-tracking,0,19,0%,93.16
analytics einrichten,0,18,0%,32.78
asymmetrische und symmetrische verschlüsselung unterschied,0,18,0%,55.61
aes schlüssel generieren,0,18,0%,73.56
cookiebot google tag manager consent mode,0,18,0%,80.33
consent management plattformen,0,18,0%,98.17
gtm server side,0,17,0%,53.76
was ist cross site tracking,0,17,0%,56
vorteile symmetrische verschlüsselung gegenüber asymmetrische,0,17,0%,56.47
tagitive integration,0,17,0%,88.53
beispiel symmetrische verschlüsselung,0,16,0%,73.56
symmetrische verschlüsselung definition,0,16,0%,84.88
webseiten webtracking,0,16,0%,87.88
asymmetrische verschlüsselung erklärung,0,16,0%,88
consent,0,15,0%,13.2
google analytics website hinzufügen,0,15,0%,22.2
website tracking verhindern,0,15,0%,28.93
google analytics property hinzufügen,0,15,0%,33.73
google analytics server-side,0,15,0%,50.4
server side tracking gtm,0,14,0%,55
arten von verschlüsselungen,0,14,0%,59.43
how to set up server side tracking,0,14,0%,66.79
google analytics code einbinden,0,14,0%,70.21
symetrische und asymetrische verschlüsselung,0,14,0%,71
google tag manager datenschutz,0,14,0%,74
"welche maßnahmen können unternehmen ergreifen, um datenschutzverstöße zu 
vermeiden",0,13,0%,9.08
erweiterter tracking und identifizierung schutz,0,13,0%,14.54
tracking blockieren,0,13,0%,20.62
google ads conversion tracking server side,0,13,0%,23.31
server side tagging gtm,0,13,0%,39.69
server side gtm,0,13,0%,51.54
google website tracking,0,13,0%,54.31
tracking blocker,0,13,0%,62.62
saas lösung,0,12,0%,1
server side conversion tracking,0,12,0%,47.42
gtm server side tagging,0,12,0%,53.75
browser tracking,0,12,0%,69.42
verschlüsselung symmetrisch,0,12,0%,69.58
cmp datenschutz,0,12,0%,79.08
symmetrische verschlüsselung beispiele,0,12,0%,80.33
dsgvo google tag manager,0,12,0%,80.92
dns finden,0,12,0%,89.08
google analytics code finden,0,12,0%,95.25
dns einträge ändern,0,11,0%,26.73
tracker blockieren,0,11,0%,32.09
google analytics auf website einbinden,0,11,0%,52.82
tracking möglichkeiten,0,11,0%,89.55
datenverschlusselungsfunktionen,0,11,0%,90.45
wie funktioniert ein server,0,10,0%,1.1
google analytics mit website verbinden,0,10,0%,34.3
tracking-schutz aktivieren oder deaktivieren,0,10,0%,40.1
datei verschlusselung,0,10,0%,46
cross-site tracking,0,10,0%,64.9
asynchrone verschlüsselung beispiel,0,10,0%,75.7
symmetrische und asymmetrische verschlüsselung beispiel,0,10,0%,76.6
verschlüsselung von daten,0,10,0%,80.1
server side tracking google analytics 4,0,10,0%,95.8
hosteurope dns,0,9,0%,29.67
symmetrische und asymmetrische verschlüsselung,0,9,0%,41.11
google analytics in website einbinden,0,9,0%,55.11
tracker blocker,0,9,0%,83.56
datentransfers,0,9,0%,85.44
proxy geschützt,0,9,0%,91.44
tracker verhindern,0,8,0%,29.12
verschlüsselungsverfahren liste,0,8,0%,49.38
dns einstellungen domain,0,8,0%,52.75
gtm proxy,0,8,0%,54.75
google analytics tracking,0,8,0%,55.38
symmetrische verschlüsselung und asymmetrische verschlüsselung,0,8,0%,58.88
was bedeutet tracking zulassen,0,8,0%,64.5
sichere verschlüsselung,0,8,0%,71.5
google tag manager dsgvo,0,8,0%,79
datenmaskierung datenverschlüsselung,0,8,0%,83
sicherheit verschlüsselung,0,8,0%,93.75
proxy tag,0,7,0%,7.86
consent settings deutsch,0,7,0%,19.86
strato nameserver ändern,0,7,0%,32
google server side tagging,0,7,0%,41.29
symmetrische und asymmetrische verschlüsselung unterschied,0,7,0%,46.43
google analytics homepage,0,7,0%,56.14
anti tracking maßnahmen,0,7,0%,57.57
proxy server sicherheit,0,7,0%,76.29
beispiele für symmetrische verschlüsselung,0,7,0%,83.14
asymmetrische encryption,0,7,0%,84.29
verschlüsselung von informationen,0,7,0%,95.14
google analytics 4 proxy,0,7,0%,97.29
cross site tracking verhindern,0,6,0%,19
google analytics für website einrichten,0,6,0%,29.33
tracking schutz aktivieren oder deaktivieren,0,6,0%,36
was ist webtracking,0,6,0%,37.33
side by side integrieren,0,6,0%,48.67
tracking erlauben,0,6,0%,52.33
google tag manager installieren,0,6,0%,58.67
was bedeutet tracking erlauben,0,6,0%,61.33
asymmetrische verschlüsselungen,0,6,0%,66.33
analytics tracking,0,6,0%,67.33
aem tag-manager,0,6,0%,67.5
nameserver ändern,0,6,0%,90
google seite einrichten,0,6,0%,93.17
saas proxy,0,5,0%,6.2
domainfactory ttl,0,5,0%,8.8
verschlüsselung symmetrisch asymmetrisch,0,5,0%,52.4
cross sitetracking,0,5,0%,58.6
google analytics server side tagging,0,5,0%,58.6
cmp datenschutzerklärung,0,5,0%,62
proxy sites,0,5,0%,68
symmetrische verschlüsselung beispiel,0,5,0%,71.4
google tag manager datenschutzerklärung,0,5,0%,88
saas-lösung,0,4,0%,1
joram scher,0,4,0%,5
server tag,0,4,0%,8.25
was ist ein proxy?,0,4,0%,13
cross-sitetracking verhindern,0,4,0%,28
google server side tag manager,0,4,0%,34.25
https google analytics,0,4,0%,36.75
server side tagging google,0,4,0%,38.25
symmetrische asymmetrische verschlüsselung,0,4,0%,41
setup google analytics,0,4,0%,43.75
tracking erlauben bedeutung,0,4,0%,50
united domains nameserver,0,4,0%,52.75
tracker blockiert,0,4,0%,53.75
site tracking,0,4,0%,60.25
proxy daten,0,4,0%,63.75
server side tagging google analytics,0,4,0%,65.75
web analytics google,0,4,0%,66.75
google analytics server side event tracking,0,4,0%,71
server to server pixel tracking,0,4,0%,72.25
synchrone verschlüsselung,0,4,0%,72.25
arten von encryption,0,4,0%,75.5
asymmetrische verschlüsselung beispiel,0,4,0%,78
verschlüsselungsalgorithmus beispiel,0,4,0%,83.25
verschlüsselung sicherheit,0,4,0%,84
tracking block,0,4,0%,91.25
serverstandort deutschland,0,4,0%,114.25
wie funktioniert ein proxy server,0,3,0%,1
s tagging,0,3,0%,5
sse conversion tracking,0,3,0%,5.33
was ist ein proxi,0,3,0%,12.67
was ist server,0,3,0%,13.67
proxyserver was ist das,0,3,0%,15
was ist ein proxyserver,0,3,0%,17.33
schutz vor tracking,0,3,0%,22.67
server to server conversion tracking,0,3,0%,28
server-side tagging in google tag manager,0,3,0%,33.67
server side tracking for google ads,0,3,0%,34.67
domain dns einstellungen,0,3,0%,37
google ads conversion server side,0,3,0%,39
tag manager server,0,3,0%,40
install google analytics,0,3,0%,41.67
website mit google analytics verbinden,0,3,0%,43.33
google tag manager server side tagging,0,3,0%,45.67
symmetrische verschlüsselungsverfahren,0,3,0%,47.67
asymmetrische und symmetrische verschlüsselung,0,3,0%,51.67
was ist cross-site tracking,0,3,0%,52.67
server side pixel tracking,0,3,0%,54.67
google analytics server side,0,3,0%,55.67
client side tagging,0,3,0%,64.33
was ist tracking erlauben,0,3,0%,64.67
was ist eine symmetrische verschlüsselung,0,3,0%,66
cross-sitetracking,0,3,0%,69
google analytics tracking code finden,0,3,0%,69.67
verschlüsselungen beispiele,0,3,0%,76.33
was ist homomorphe verschlüsselung,0,3,0%,77
analytics google code,0,3,0%,77.67
was ist eine verschlüsselung,0,3,0%,78.33
strato check domain,0,3,0%,80
symmetrische verschlüsselung,0,3,0%,82.67
asymmetrisch verschlüsselung,0,3,0%,83.33
ga4 proxy server,0,3,0%,87.33
dns wechseln,0,3,0%,89
nachteile asymmetrische verschlüsselung,0,3,0%,90
verschlüsselungsmethoden,0,3,0%,93.67
checkdomain hosting,0,3,0%,95
daten verschlüsselung,0,3,0%,95.67
verschlüsselungsverfahren online,0,3,0%,95.67
dns,0,2,0%,1
was ist eine saas lösung,0,2,0%,1
server side proxy,0,2,0%,4.5
google analytics installation,0,2,0%,9
weitere einträge...,0,2,0%,9
cmp gtm,0,2,0%,10.5
gtm cmp,0,2,0%,10.5
enhanced tracking protection,0,2,0%,13
was ist proxyserver,0,2,0%,13.5
analytics konto erstellen,0,2,0%,14
was ist proxy server,0,2,0%,15.5
hosteurope nameserver,0,2,0%,17.5
wann wurde google gegründet genaues datum,0,2,0%,18
cross-site tracking deaktivieren,0,2,0%,19.5
usercentrics tag manager,0,2,0%,21
google analytics id erstellen,0,2,0%,23
florian schöppe,0,2,0%,24.5
strato domain nameserver ändern,0,2,0%,29
wie kann man tracking verhindern,0,2,0%,29
server side tagging google tag manager,0,2,0%,35.5
consent manager google tag manager,0,2,0%,36
tracking websites blockieren,0,2,0%,37.5
google consent manager,0,2,0%,40.5
usercentrics gtm,0,2,0%,41
united domains dns,0,2,0%,41.5
cookiebot tag manager,0,2,0%,42.5
anti-tracking,0,2,0%,47.5
server side tagging in google tag manager,0,2,0%,50
cookiebot google tag manager,0,2,0%,50.5
was sind verschlüsselungen,0,2,0%,53
consent google tag manager,0,2,0%,56
domainfactory godaddy,0,2,0%,57.5
google cmp,0,2,0%,58.5
google analytics konto,0,2,0%,60
ist tracking gefährlich,0,2,0%,62
homomorphe verschlüsselung beispiel,0,2,0%,62.5
google ads server to server tracking,0,2,0%,63.5
strato dns einstellungen,0,2,0%,63.5
what is server side tagging,0,2,0%,64.5
usercentrics google analytics,0,2,0%,65.5
servers google,0,2,0%,67
godaddy domainfactory,0,2,0%,68
web-tracking,0,2,0%,74
beispiel asymmetrische verschlüsselung,0,2,0%,77.5
symmetrischer verschlüsselung,0,2,0%,77.5
was ist symmetrische verschlüsselung,0,2,0%,77.5
domainfactory server einstellungen,0,2,0%,78.5
dns tabelle,0,2,0%,79.5
proxy server kaufen,0,2,0%,81
linkedin server side tracking,0,2,0%,82
aes verschlüsselung symmetrisch,0,2,0%,85
proxy server google,0,2,0%,86.5
asymmetrische verschlüsselung verfahren,0,2,0%,87
beratung consent management,0,2,0%,87
strato domain checker,0,2,0%,88
server and proxy server,0,2,0%,88.5
welche verschlüsselungsverfahren gibt es,0,2,0%,88.5
asymmetrisches verschlüsselungsverfahren,0,2,0%,89.5
conversion rate tracking,0,2,0%,92
verschlüsselung datenübertragung,0,2,0%,92.5
verschlüsselung daten,0,2,0%,93
google tag manager conversion value,0,2,0%,96
safe harbor dsgvo,0,2,0%,96
consent manager tool,0,2,0%,100
setting up server side tagging,0,2,0%,100.5
ladezeit optimieren,0,2,0%,180
best practice methode,0,1,0%,1
google tag installation,0,1,0%,1
proxy group,0,1,0%,1
datenschutzbehörde nrw,0,1,0%,3
fachartikel,0,1,0%,3
proxy.conversions,0,1,0%,3
meatriders proxy,0,1,0%,4
proxy conversions,0,1,0%,4
travchis proxy,0,1,0%,6
cross site tracking edge,0,1,0%,7
edge tracking prevention,0,1,0%,7
host europe nameserver ändern,0,1,0%,7
side proxy,0,1,0%,7
proxy saas,0,1,0%,8
ga4 proxy,0,1,0%,9
host europe dns einträge,0,1,0%,9
proxy party,0,1,0%,9
cmp tag,0,1,0%,10
cross sitetracking verhindern,0,1,0%,12
eu us privacy shield,0,1,0%,12
privacy shield,0,1,0%,12
proxy for server,0,1,0%,12
server proxy,0,1,0%,12
was ist proxy?,0,1,0%,12
kosteneffizienz,0,1,0%,13
tag server,0,1,0%,13
versionierungssystem,0,1,0%,13
wie tracking verhindern,0,1,0%,13
homomorph bedeutung,0,1,0%,14
tracking unterbinden,0,1,0%,14
verschlüsselung bedeutung,0,1,0%,14
was ist ein bestimmungsschlüssel,0,1,0%,14
was ist ein proxyserver?,0,1,0%,14
websiteübergreifendes tracking verhindern,0,1,0%,14
proxy navigator,0,1,0%,19
google analytics web tracking,0,1,0%,20
server-side tag management,0,1,0%,22
cross-site tracking erlauben,0,1,0%,23
google tag manager usercentrics,0,1,0%,24
checkdomain ip,0,1,0%,25
tracking erlauben was heisst das,0,1,0%,26
cross site tracking erlauben,0,1,0%,28
server side tagging google ads,0,1,0%,28
datentransfer verschlüsselt durchführen,0,1,0%,29
florian schoeppe,0,1,0%,30
cross-site-tracking aktivieren,0,1,0%,31
google analytics cmp,0,1,0%,32
ionos nameserver ändern,0,1,0%,32
server side google tag manager,0,1,0%,33
proxy vole,0,1,0%,36
proxys group,0,1,0%,38
tracking auf webseiten,0,1,0%,38
cmp google,0,1,0%,39
google tag manager docker,0,1,0%,39
google analytics on website,0,1,0%,40
google tag manager server side facebook,0,1,0%,43
google tagmanager,0,1,0%,43
tracking lists,0,1,0%,43
des tracking,0,1,0%,44
dns einträge domain,0,1,0%,44
dns umstellen,0,1,0%,44
consent manager cmp,0,1,0%,48
google analytics nutzer hinzufügen,0,1,0%,48
google tag manager nutzer hinzufügen,0,1,0%,49
proxy deutschland,0,1,0%,50
tracking protection firefox,0,1,0%,50
unterschied zwischen symmetrischer und asymmetrischer verschlüsselung,0,1,0%,50
google analytics in website,0,1,0%,51
google tag manager server-side,0,1,0%,52
google tag manager konto,0,1,0%,53
dns einstellungen ändern,0,1,0%,54
strato ttl,0,1,0%,54
support google tag manager,0,1,0%,55
consent manager google,0,1,0%,56
serverside tag manager,0,1,0%,56
was heißt tracking erlauben,0,1,0%,58
site tagging,0,1,0%,60
was ist cross sitetracking,0,1,0%,60
checkdomain kontakt,0,1,0%,61
google tag id,0,1,0%,61
hosteurope domain check,0,1,0%,63
strato domain auf ip umleiten,0,1,0%,63
strato domain ändern,0,1,0%,63
dns nameserver ändern,0,1,0%,64
ip tagging,0,1,0%,66
google property hinzufügen,0,1,0%,69
server-side tracking google analytics,0,1,0%,69
was ist asymmetrische verschlüsselung,0,1,0%,69
wo finde ich den google tag manager,0,1,0%,71
conversion tags,0,1,0%,72
server side analytics google,0,1,0%,72
symetrische verschlüsselung,0,1,0%,72
datenschutzkonformität,0,1,0%,73
dns eintrag domain,0,1,0%,73
cmp consent management,0,1,0%,74
intelligenter tracking schutz apple,0,1,0%,74
was ist eine asymmetrische verschlüsselung,0,1,0%,74
verschlüsselung arten,0,1,0%,75
conversion messen,0,1,0%,78
united domain login,0,1,0%,78
conversion linker tag,0,1,0%,79
google analytics server side events,0,1,0%,79
strato domain bearbeiten,0,1,0%,79
stratos domain check,0,1,0%,79
domainfactory subdomain erstellen,0,1,0%,80
ionos dns einstellungen,0,1,0%,80
aaaa eintrag,0,1,0%,81
ladezeiten optimieren,0,1,0%,81
dns eintragen,0,1,0%,82
google analytics in wordpress einbinden,0,1,0%,82
google analytics wordpress einbinden,0,1,0%,83
usercentrics server side tracking,0,1,0%,83
verschlüsselungsanwendung,0,1,0%,83
asymmetrische verschlüsselungsverfahren,0,1,0%,84
proxy-server google,0,1,0%,85
tracker blocking,0,1,0%,85
analytics code,0,1,0%,86
deutschland proxy,0,1,0%,86
google analytics code,0,1,0%,86
datentransfer usa,0,1,0%,87
dns eintrag hinzufügen,0,1,0%,87
google analytics of website,0,1,0%,87
google analytics 4 server side,0,1,0%,88
tracking prevention,0,1,0%,88
cmp tool,0,1,0%,90
google server to server tracking,0,1,0%,90
proxy server server,0,1,0%,90
symmetrische verschlüsselung algorithmen,0,1,0%,90
asymmetrische verfahren,0,1,0%,91
gootle tag manager datenschutzerklärung,0,1,0%,92
welche arten von verschlüsselungen gibt es,0,1,0%,92
nachteile symmetrische verschlüsselung,0,1,0%,95
conversion optimierer,0,1,0%,96
google analytics server to server,0,1,0%,96
assymetrische verschlüsselung,0,1,0%,97
cmp server,0,1,0%,97
conversion optimieren,0,1,0%,97
google analytics domain weiterleitung,0,1,0%,97
strato txt eintrag,0,1,0%,97
strato url check,0,1,0%,97
cookiebot gtm,0,1,0%,98
daten verschlüsselt,0,1,0%,98
dns konfiguration strato,0,1,0%,99
provider dns,0,1,0%,99
privacy shield dsgvo,0,1,0%,100
symmetrisches verschlüsselungsverfahren,0,1,0%,101
web-tracking-lösungen,0,1,0%,101