p,r,e,s,s,e,p,u,b,l,i,k,u,m,s,p,r,e,s,s,e
h,a,n,d,e,l,h,a,n,d,e,l
i,m,p,r,e,s,s,u,m,i,m,p,r,e,s,s,u,m
d,a,t,e,n,s,c,h,u,t,z,d,a,t,e,n,s,c,h,u,t,z
b,u,t,t,e,r,s,c,h,m,a,l,z,b,u,t,t,e,r,s,c,h,m,a,l,z,-,2,5,0,-,g
f,e,i,n,e,-,b,u,t,t,e,r,-,c,o,f,e,i,n,e,-,b,u,t,t,e,r,-,2,5,0,-,g
m,e,g,g,l,e,-,t,r,i,c,k,s,s,n,a,c,k,b,o,a,r,d,-,m,i,t,-,m,e,g,g,l,e,-,k,n,o,b,l,a,u,c,h,-,b,r,o,t
f,e,i,n,e,-,b,u,t,t,e,r,f,e,i,n,e,-,b,u,t,t,e,r,-,2,5,0,-,g
b,a,g,u,e,t,t,e,s,b,a,g,u,e,t,t,e,s,-,b,r,o,t,e
k,o,n,t,a,k,t,k,o,n,t,a,k,t
f,e,i,n,e,-,b,u,t,t,e,r,-,c,o,f,e,i,n,e,-,b,u,t,t,e,r,-,2,5,0,-,g
b,a,g,u,e,t,t,e,s,b,a,g,u,e,t,t,e,s,-,b,r,o,t,e
v,e,g,a,n,e,-,g,r,i,l,l,-,c,r,e,m,e,s,v,e,g,a,n,e,-,w,a,f,f,e,l,n
g,e,n,u,s,s,-,r,e,z,e,p,t,e,k,n,o,b,l,a,u,c,h,-,b,r,o,t,-,m,i,t,-,s,p,i,n,a,t,-,c,h,a,m,p,i,g,n,o,n,s,-,u,n,d,-,z,w,i,e,b,e,l,n
s,t,r,e,i,c,h,z,a,r,t,s,t,r,e,i,c,h,z,a,r,t,-,g,e,s,a,l,z,e,n,-,2,5,0,-,g
m,e,g,g,l,e,-,s,t,o,r,y,s,n,a,c,k,b,o,a,r,d,-,m,i,t,-,m,e,g,g,l,e,-,k,n,o,b,l,a,u,c,h,-,b,r,o,t
k,r,a,e,u,t,e,r,-,b,u,t,t,e,r,-,o,r,i,g,i,n,a,l,k,r,a,u,t,e,r,-,b,u,t,t,e,r,-,t,r,i,o,-,r,i,e,g,e,l,-,5,x,2,0,-,g
h,e,r,s,t,e,l,l,u,n,g,-,q,u,a,l,i,t,a,e,t,-,r,o,h,s,t,o,f,f,e,q,u,a,l,i,t,a,e,t,-,r,o,h,s,t,o,f,f,e
h,i,n,w,e,i,s,g,e,b,e,r,s,y,s,t,e,m,w,e,i,s,s,w,e,i,n,n,u,d,e,l,n
k,o,n,t,a,k,t,k,o,n,t,a,k,t
k,r,a,e,u,t,e,r,-,b,u,t,t,e,r,-,c,o,k,r,a,u,t,e,r,-,b,u,t,t,e,r,-,t,r,i,o,-,r,i,e,g,e,l,-,5,x,2,0,-,g
p,r,e,s,s,e,-,a,l,l,g,e,m,e,i,n,p,u,b,l,i,k,u,m,s,p,r,e,s,s,e
k,n,o,b,l,a,u,c,h,-,b,r,o,t,-,k,u,e,r,b,i,s,-,b,r,u,s,c,h,e,t,t,a,k,n,o,b,l,a,u,c,h,-,b,r,o,t,-,k,u,e,r,b,i,s,-,b,r,u,s,c,h,e,t,t,a
s,t,e,a,k,-,r,o,u,l,a,d,e,n,s,t,e,a,k,-,r,o,u,l,a,d,e,n
s,t,e,i,n,o,f,e,n,-,d,i,n,k,e,l,b,r,o,t,-,c,r,u,s,t,i,n,i,-,a,l,-,f,u,n,g,h,i,d,i,n,k,e,l,b,r,o,t,-,c,r,u,s,t,i,n,i,-,a,l,-,f,u,n,g,h,i
f,a,c,h,-,p,r,e,s,s,e,-,u,e,b,e,r,s,i,c,h,t,f,a,c,h,p,r,e,s,s,e
k,n,o,b,l,a,u,c,h,-,b,r,o,t,-,m,i,t,-,s,h,r,i,m,p,s,k,n,o,b,l,a,u,c,h,-,b,r,o,t,-,m,i,t,-,r,o,t,e,-,b,e,t,e,-,h,u,m,m,u,s
b,l,a,e,t,t,e,r,t,e,i,g,-,w,e,i,h,n,a,c,h,t,s,b,a,u,m,-,m,i,t,-,a,e,p,f,e,l,b,l,a,e,t,t,e,r,t,e,i,g,w,e,i,h,n,a,c,h,t,s,b,a,u,m,-,m,i,t,-,a,e,p,f,e,l,n
k,n,u,s,p,r,i,g,e,-,k,i,c,h,e,r,e,r,b,s,e,n,k,i,r,s,c,h,s,t,r,e,u,s,e,l,k,u,c,h,e,n
f,l,a,m,m,k,u,c,h,e,n,-,s,c,h,n,e,c,k,e,n,f,l,a,m,m,k,u,c,h,e,n,-,s,c,h,n,e,c,k,e,n
n,u,t,z,u,n,g,s,b,e,d,i,n,g,u,n,g,e,n,k,n,o,b,l,a,u,c,h,-,b,r,o,t,-,m,i,t,-,p,f,i,f,f,e,r,l,i,n,g,e,n
r,e,z,e,p,t,e,-,m,i,t,-,b,a,g,u,e,t,t,e,s,k,n,o,b,l,a,u,c,h,-,b,u,t,t,e,r,-,g,a,r,n,e,l,e,n,-,p,f,a,n,n,e,-,m,i,t,-,k,r,a,u,t,e,r,-,b,u,t,t,e,r,-,b,a,g,u,e,t,t,e
k,n,o,b,l,a,u,c,h,-,b,r,o,t,-,a,-,l,a,-,f,l,a,m,m,k,u,c,h,e,n,k,n,o,b,l,a,u,c,h,-,b,r,o,t,-,a,-,l,a,-,f,l,a,m,m,k,u,c,h,e,n
s,u,e,s,s,k,a,r,t,o,f,f,e,l,s,c,h,i,f,f,c,h,e,n,s,u,e,s,s,k,a,r,t,o,f,f,e,l,s,c,h,i,f,f,c,h,e,n
r,e,i,s,p,f,a,n,n,e,r,e,i,s,p,f,a,n,n,e
s,p,e,k,u,l,a,t,i,u,s,-,m,a,n,d,a,r,i,n,e,n,-,d,e,s,s,e,r,t,-,i,m,-,g,l,a,s,s,p,e,k,u,l,a,t,i,u,s,-,m,a,n,d,a,r,i,n,e,n,-,d,e,s,s,e,r,t,-,i,m,-,g,l,a,s
g,e,g,r,i,l,l,t,e,r,-,l,a,c,h,s,-,i,n,-,g,e,g,r,i,l,l,t,e,m,-,n,a,a,n,-,b,r,o,t,k,n,o,b,l,a,u,c,h,-,b,r,o,t,-,m,i,t,-,r,o,t,e,-,b,e,t,e,-,h,u,m,m,u,s
v,e,g,a,n,e,-,b,u,t,t,e,r,a,l,t,e,r,n,a,t,i,v,e,n,v,e,g,a,n
k,n,o,b,l,a,u,c,h,-,b,r,o,t,-,m,i,t,-,p,f,i,f,f,e,r,l,i,n,g,e,n,k,n,o,b,l,a,u,c,h,-,b,r,o,t,-,m,i,t,-,p,f,i,f,f,e,r,l,i,n,g,e,n
k,n,o,b,l,a,u,c,h,-,b,r,o,t,-,t,o,m,a,t,e,-,m,o,z,z,a,r,e,l,l,a,k,n,o,b,l,a,u,c,h,-,b,r,o,t,-,t,o,m,a,t,e,-,m,o,z,z,a,r,e,l,l,a
f,l,u,f,f,i,g,e,r,-,k,a,r,t,o,f,f,e,l,s,c,h,n,e,e,f,l,u,f,f,i,g,e,s,-,k,r,a,e,u,t,e,r,-,z,u,p,f,b,r,o,t
r,i,g,a,t,o,n,i,-,m,i,t,-,k,n,o,b,l,a,u,c,h,b,u,t,t,e,r,-,t,o,m,a,t,e,n,-,u,n,d,-,l,a,c,h,s,k,n,o,b,l,a,u,c,h,-,b,r,o,t,-,t,o,m,a,t,e,-,m,o,z,z,a,r,e,l,l,a
l,i,n,g,u,i,n,e,-,i,n,-,k,a,l,b,f,l,e,i,s,c,h,-,s,a,u,c,e,-,v,e,r,f,e,i,n,e,r,t,-,m,i,t,-,k,n,o,b,l,a,u,c,h,-,b,u,t,t,e,r,k,n,o,b,l,a,u,c,h,-,b,u,t,t,e,r,-,g,a,r,n,e,l,e,n,-,p,f,a,n,n,e,-,m,i,t,-,k,r,a,u,t,e,r,-,b,u,t,t,e,r,-,b,a,g,u,e,t,t,e
d,o,r,a,d,e,-,m,i,t,-,k,r,a,e,u,t,e,r,-,b,u,t,t,e,r,d,o,r,a,d,e,-,m,i,t,-,k,r,a,e,u,t,e,r,-,b,u,t,t,e,r
k,n,o,b,l,a,u,c,h,-,b,r,o,t,-,g,r,i,e,c,h,i,s,c,h,k,n,o,b,l,a,u,c,h,-,b,r,o,t,-,m,i,t,-,z,i,e,g,e,n,k,a,e,s,e,-,u,n,d,-,w,a,l,n,u,s,s
g,e,g,r,i,l,l,t,e,-,a,v,o,c,a,d,o,g,e,g,r,i,l,l,t,e,-,a,v,o,c,a,d,o
g,l,u,e,c,k,s,p,i,l,z,-,r,i,s,o,t,t,o,k,r,a,e,u,t,e,r,-,b,u,t,t,e,r,-,p,i,z,z,a,-,b,a,g,u,e,t,t,e,-,a,l,l,a,-,c,a,p,r,e,s,e
k,a,r,t,o,f,f,e,l,s,p,i,r,a,l,e,n,-,m,i,t,-,a,i,o,l,i,k,u,e,r,b,i,s,r,i,s,o,t,t,o,-,m,i,t,-,w,a,l,n,u,e,s,s,e,n
k,r,a,e,u,t,e,r,-,b,u,r,g,e,r,-,m,i,t,-,m,e,g,g,l,e,-,k,r,a,e,u,t,e,r,-,t,u,b,e,v,e,g,e,t,a,r,i,s,c,h,e,-,k,r,a,e,u,t,e,r,-,b,u,r,g,e,r
s,a,l,z,b,u,r,g,e,r,-,b,i,e,r,b,r,e,z,e,l,s,u,p,p,e,-,m,i,t,-,m,e,g,g,l,e,-,k,r,a,e,u,t,e,r,-,b,u,t,t,e,r,k,n,o,b,l,a,u,c,h,-,b,u,t,t,e,r,-,g,a,r,n,e,l,e,n,-,p,f,a,n,n,e,-,m,i,t,-,k,r,a,u,t,e,r,-,b,u,t,t,e,r,-,b,a,g,u,e,t,t,e
k,n,o,b,l,a,u,c,h,-,b,r,o,t,-,m,i,t,-,t,h,u,n,f,i,s,c,h,k,n,o,b,l,a,u,c,h,-,b,r,o,t,-,m,i,t,-,t,h,u,n,f,i,s,c,h
c,r,e,m,i,g,e,s,-,r,u,e,h,r,e,i,c,r,e,m,i,g,e,s,-,r,u,e,h,r,e,i
k,n,o,b,l,a,u,c,h,-,b,r,o,t,-,c,r,o,s,t,i,n,i,-,a,l,-,t,o,n,n,o,k,n,o,b,l,a,u,c,h,-,b,r,o,t,-,c,r,o,s,t,i,n,i,-,a,l,-,t,o,n,n,o
r,e,z,e,p,t,e,-,m,i,t,-,f,e,i,n,e,r,-,b,u,t,t,e,r,-,c,o,f,e,i,n,e,r,-,b,u,t,t,e,r,z,o,p,f
s,u,e,s,s,e,-,o,s,t,e,r,k,u,e,k,e,n,s,u,e,s,s,e,-,o,s,t,e,r,k,u,e,k,e,n
b,u,t,t,e,r,k,u,c,h,e,n,-,m,i,t,-,m,a,n,d,e,l,n,b,u,t,t,e,r,k,u,c,h,e,n,-,m,i,t,-,m,a,n,d,e,l,n
k,n,o,b,l,a,u,c,h,-,b,r,o,t,-,m,i,t,-,g,e,g,r,i,l,l,t,e,m,-,p,f,i,r,s,i,c,h,-,z,i,e,g,e,n,k,a,e,s,e,k,n,o,b,l,a,u,c,h,-,b,r,o,t,-,m,i,t,-,g,e,g,r,i,l,l,t,e,m,-,p,f,i,r,s,i,c,h,-,z,i,e,g,e,n,k,a,e,s,e
o,s,t,e,r,p,l,a,e,t,z,c,h,e,n,-,i,n,-,l,a,m,m,f,o,r,m,k,r,a,u,t,e,r,-,b,u,t,t,e,r,-,t,r,i,o,-,r,i,e,g,e,l,-,5,x,2,0,-,g
b,i,r,n,e,n,-,n,u,s,s,-,k,u,c,h,e,n,-,i,m,-,g,l,a,s,b,i,r,n,e,n,-,n,u,s,s,-,k,u,c,h,e,n,-,i,m,-,g,l,a,s
k,n,o,b,l,a,u,c,h,-,b,r,o,t,-,a,-,l,a,-,b,r,u,s,c,h,e,t,t,a,k,n,o,b,l,a,u,c,h,-,b,r,o,t,-,k,u,e,r,b,i,s,-,b,r,u,s,c,h,e,t,t,a
p,i,z,z,a,-,b,a,g,u,e,t,t,e,-,a,l,l,a,-,c,a,p,r,e,s,e,k,r,a,e,u,t,e,r,-,b,u,t,t,e,r,-,p,i,z,z,a,-,b,a,g,u,e,t,t,e,-,a,l,l,a,-,c,a,p,r,e,s,e
k,n,o,b,l,a,u,c,h,-,b,r,o,t,-,m,i,t,-,s,p,i,n,a,t,-,c,h,a,m,p,i,g,n,o,n,s,-,u,n,d,-,z,w,i,e,b,e,l,n,k,n,o,b,l,a,u,c,h,-,b,r,o,t,-,m,i,t,-,s,p,i,n,a,t,-,c,h,a,m,p,i,g,n,o,n,s,-,u,n,d,-,z,w,i,e,b,e,l,n
a,l,l,r,o,u,n,d,e,r,-,s,o,s,s,e,n,a,l,l,r,o,u,n,d,e,r,-,s,o,s,s,e,n
c,h,i,c,k,e,n,-,w,i,n,g,s,-,m,i,t,-,k,a,r,t,o,f,f,e,l,s,p,a,l,t,e,n,k,n,o,b,l,a,u,c,h,-,b,r,o,t,-,m,i,t,-,r,o,t,e,-,b,e,t,e,-,h,u,m,m,u,s
s,u,e,s,s,e,-,o,r,a,n,g,e,n,p,l,a,e,t,z,c,h,e,n,-,1,s,u,e,s,s,e,-,o,r,a,n,g,e,n,p,l,a,e,t,z,c,h,e,n
r,e,z,e,p,t,e,-,m,i,t,-,k,r,a,e,u,t,e,r,-,b,u,t,t,e,r,-,c,o,d,o,r,a,d,e,-,m,i,t,-,k,r,a,e,u,t,e,r,-,b,u,t,t,e,r
p,u,t,e,n,m,e,d,a,i,l,l,o,n,s,-,m,i,t,-,k,o,h,l,r,a,b,i,g,e,m,u,e,s,e,-,u,n,d,-,l,i,m,e,t,t,e,n,-,h,o,l,l,a,n,d,a,i,s,e,k,n,o,b,l,a,u,c,h,-,b,u,t,t,e,r,-,g,a,r,n,e,l,e,n,-,p,f,a,n,n,e,-,m,i,t,-,k,r,a,u,t,e,r,-,b,u,t,t,e,r,-,b,a,g,u,e,t,t,e
d,o,n,u,t,-,h,a,s,e,n,d,o,n,u,t,-,h,a,s,e,n
t,h,a,i,-,c,u,r,r,y,-,m,i,t,-,h,a,e,h,n,c,h,e,n,-,u,n,d,-,k,r,a,e,u,t,e,r,-,b,u,t,t,e,r,-,o,h,n,e,-,k,n,o,b,l,a,u,c,h,k,n,o,b,l,a,u,c,h,-,b,r,o,t,-,m,i,t,-,r,o,t,e,-,b,e,t,e,-,h,u,m,m,u,s
k,n,o,b,l,a,u,c,h,-,b,r,o,t,-,t,e,x,-,m,e,x,k,n,o,b,l,a,u,c,h,-,b,r,o,t,-,t,e,x,-,m,e,x
z,u,c,c,h,i,n,i,-,s,p,i,e,s,s,e,-,m,i,t,-,f,e,t,a,-,u,n,d,-,t,o,m,a,t,e,z,u,c,c,h,i,n,i,-,c,a,p,r,e,s,e,-,s,c,h,i,f,f,c,h,e,n
p,i,t,a,-,b,r,o,t,-,m,i,t,-,o,f,e,n,g,e,m,u,e,s,e,k,n,o,b,l,a,u,c,h,-,b,r,o,t,-,m,i,t,-,r,o,t,e,-,b,e,t,e,-,h,u,m,m,u,s
k,i,r,s,c,h,-,s,t,r,e,u,s,e,l,k,u,c,h,e,n,-,m,i,t,-,j,o,g,h,u,r,t,b,u,t,t,e,r,j,o,g,h,u,r,t,b,u,t,t,e,r,-,2,5,0,-,g
s,p,a,r,g,e,l,-,k,l,a,s,s,i,s,c,h,-,m,i,t,-,a,l,p,e,n,b,u,t,t,e,r,k,n,o,b,l,a,u,c,h,-,b,u,t,t,e,r,-,g,a,r,n,e,l,e,n,-,p,f,a,n,n,e,-,m,i,t,-,k,r,a,u,t,e,r,-,b,u,t,t,e,r,-,b,a,g,u,e,t,t,e
k,a,r,o,t,t,e,n,g,e,m,u,e,s,e,k,n,o,b,l,a,u,c,h,-,b,u,t,t,e,r,-,g,a,r,n,e,l,e,n,-,p,f,a,n,n,e,-,m,i,t,-,k,r,a,u,t,e,r,-,b,u,t,t,e,r,-,b,a,g,u,e,t,t,e
f,i,s,c,h,f,i,l,e,t,-,m,i,t,-,a,u,f,g,e,s,c,h,a,e,u,m,t,e,r,-,p,e,t,e,r,s,i,l,i,e,n,b,u,t,t,e,r,k,n,o,b,l,a,u,c,h,-,b,r,o,t,-,m,i,t,-,r,o,t,e,-,b,e,t,e,-,h,u,m,m,u,s
f,r,u,c,h,t,i,g,e,r,-,a,p,f,e,l,k,u,c,h,e,n,f,r,u,c,h,t,i,g,e,r,-,a,p,f,e,l,k,u,c,h,e,n
k,n,o,b,l,a,u,c,h,-,b,r,o,t,-,a,-,l,a,-,r,a,c,l,e,t,t,e,k,n,o,b,l,a,u,c,h,-,b,r,o,t,-,a,-,l,a,-,r,a,c,l,e,t,t,e
v,e,g,a,n,e,-,s,p,a,g,h,e,t,t,i,-,m,i,t,-,p,f,i,f,f,e,r,l,i,n,g,e,n,-,u,n,d,-,a,i,o,l,i,v,e,g,a,n,e,-,w,a,f,f,e,l,n
h,a,e,h,n,c,h,e,n,b,r,u,s,t,f,i,l,e,t,-,g,o,u,r,m,e,t,-,m,i,t,-,k,r,a,e,u,t,e,r,-,b,u,t,t,e,r,-,o,h,n,e,-,k,n,o,b,l,a,u,c,h,k,n,o,b,l,a,u,c,h,-,b,u,t,t,e,r,-,g,a,r,n,e,l,e,n,-,p,f,a,n,n,e,-,m,i,t,-,k,r,a,u,t,e,r,-,b,u,t,t,e,r,-,b,a,g,u,e,t,t,e
s,p,a,g,h,e,t,t,i,-,m,i,t,-,s,c,a,m,p,i,s,p,a,g,h,e,t,t,i,-,m,i,t,-,s,c,a,m,p,i
k,n,o,b,l,a,u,c,h,-,b,r,o,t,-,m,i,t,-,z,i,e,g,e,n,k,a,e,s,e,-,u,n,d,-,w,a,l,n,u,s,s,k,n,o,b,l,a,u,c,h,-,b,r,o,t,-,m,i,t,-,z,i,e,g,e,n,k,a,e,s,e,-,u,n,d,-,w,a,l,n,u,s,s
k,n,o,b,l,a,u,c,h,-,b,r,o,t,-,m,i,t,-,r,o,t,e,-,b,e,t,e,-,h,u,m,m,u,s,k,n,o,b,l,a,u,c,h,-,b,r,o,t,-,m,i,t,-,r,o,t,e,-,b,e,t,e,-,h,u,m,m,u,s
p,i,l,z,s,a,l,a,t,-,m,i,t,-,b,u,r,r,a,t,a,k,n,o,b,l,a,u,c,h,-,b,r,o,t,-,m,i,t,-,r,o,t,e,-,b,e,t,e,-,h,u,m,m,u,s
z,u,c,c,h,i,n,i,-,c,a,p,r,e,s,e,-,s,c,h,i,f,f,c,h,e,n,z,u,c,c,h,i,n,i,-,c,a,p,r,e,s,e,-,s,c,h,i,f,f,c,h,e,n
f,e,t,a,-,a,u,f,-,a,u,b,e,r,g,i,n,e,n,-,t,o,m,a,t,e,n,f,e,t,a,-,a,u,f,-,a,u,b,e,r,g,i,n,e,n,-,t,o,m,a,t,e,n
h,a,e,h,n,c,h,e,n,-,a,-,l,a,-,s,a,l,t,i,m,b,o,c,c,a,h,a,e,h,n,c,h,e,n,-,a,-,l,a,-,s,a,l,t,i,m,b,o,c,c,a
s,u,e,s,s,e,r,-,b,i,e,n,e,n,k,u,c,h,e,n,b,i,e,n,e,n,-,k,u,c,h,e,n
w,e,i,s,s,w,e,i,n,n,u,d,e,l,n,w,e,i,s,s,w,e,i,n,n,u,d,e,l,n
w,u,e,r,z,i,g,e,-,f,i,l,o,t,e,i,g,-,s,t,a,n,g,e,n,w,u,e,r,z,i,g,e,-,f,i,l,o,t,e,i,g,-,s,t,a,n,g,e,n
k,u,e,r,b,i,s,-,r,i,s,o,t,t,o,-,m,i,t,-,w,a,l,n,u,e,s,s,e,n,k,u,e,r,b,i,s,-,g,n,o,c,c,h,i
g,e,s,c,h,w,e,n,k,t,e,-,c,h,a,m,p,i,g,n,o,n,s,-,i,n,-,k,r,a,e,u,t,e,r,-,b,u,t,t,e,r,k,n,o,b,l,a,u,c,h,-,b,r,o,t,-,m,i,t,-,s,p,i,n,a,t,-,c,h,a,m,p,i,g,n,o,n,s,-,u,n,d,-,z,w,i,e,b,e,l,n
d,i,n,k,e,l,b,r,o,t,-,r,o,t,e,-,b,e,t,e,-,a,v,o,c,a,d,o,-,b,r,u,s,c,h,e,t,t,a,d,i,n,k,e,l,b,r,o,t,-,r,o,t,e,-,b,e,t,e,-,a,v,o,c,a,d,o,-,b,r,u,s,c,h,e,t,t,a
c,o,u,s,c,o,u,s,-,v,e,r,f,e,i,n,e,r,t,-,m,i,t,-,v,e,g,a,n,e,r,-,k,r,a,e,u,t,e,r,-,c,r,e,m,e,c,o,u,s,c,o,u,s,-,s,a,l,a,t
m,e,d,i,t,e,r,r,a,n,e,s,-,s,c,h,a,f,s,k,a,e,s,e,p,f,a,e,n,n,c,h,e,n,m,e,d,i,t,e,r,r,a,n,e,s,-,s,c,h,a,f,s,k,a,e,s,e,p,f,a,e,n,n,c,h,e,n
o,f,e,n,g,e,m,u,e,s,e,-,m,i,t,-,k,r,a,e,u,t,e,r,-,b,u,t,t,e,r,d,o,r,a,d,e,-,m,i,t,-,k,r,a,e,u,t,e,r,-,b,u,t,t,e,r
s,p,a,r,g,e,l,-,p,r,i,m,a,v,e,r,a,-,m,i,t,-,k,r,a,e,u,t,e,r,-,b,u,t,t,e,r,-,o,h,n,e,-,k,n,o,b,l,a,u,c,h,k,n,o,b,l,a,u,c,h,-,b,u,t,t,e,r,-,g,a,r,n,e,l,e,n,-,p,f,a,n,n,e,-,m,i,t,-,k,r,a,u,t,e,r,-,b,u,t,t,e,r,-,b,a,g,u,e,t,t,e
k,n,o,b,l,a,u,c,h,-,b,r,o,t,-,f,u,e,r,-,d,i,e,-,p,a,r,t,y,k,n,o,b,l,a,u,c,h,-,b,r,o,t,-,a,-,l,a,-,f,l,a,m,m,k,u,c,h,e,n
s,p,e,c,k,-,p,o,r,r,e,e,-,m,u,f,f,i,n,s,-,m,i,t,-,j,o,g,h,u,r,t,b,u,t,t,e,r,s,p,e,c,k,-,p,o,r,r,e,e,-,m,u,f,f,i,n,s
k,a,r,t,o,f,f,e,l,f,a,e,c,h,e,r,k,a,r,t,o,f,f,e,l,f,a,e,c,h,e,r
s,p,a,g,h,e,t,t,i,-,i,n,-,z,i,t,r,o,n,e,n,b,u,t,t,e,r,-,m,i,t,-,g,a,r,n,e,l,e,n,s,p,a,g,h,e,t,t,i,-,i,n,-,z,i,t,r,o,n,e,n,b,u,t,t,e,r,-,m,i,t,-,g,a,r,n,e,l,e,n
k,n,u,s,p,r,i,g,e,s,-,k,r,a,e,u,t,e,r,b,u,t,t,e,r,-,b,a,g,u,e,t,t,e,-,m,i,t,-,m,a,s,c,a,p,o,n,e,c,r,e,m,e,k,r,a,e,u,t,e,r,-,b,u,t,t,e,r,-,p,i,z,z,a,-,b,a,g,u,e,t,t,e,-,a,l,l,a,-,c,a,p,r,e,s,e
z,u,c,c,h,i,n,i,t,u,e,r,m,c,h,e,n,-,m,i,t,-,h,a,c,k,-,m,a,i,s,-,f,u,e,l,l,u,n,g,-,u,n,d,-,k,r,a,e,u,t,e,r,-,b,u,t,t,e,r,k,n,o,b,l,a,u,c,h,-,b,u,t,t,e,r,-,g,a,r,n,e,l,e,n,-,p,f,a,n,n,e,-,m,i,t,-,k,r,a,u,t,e,r,-,b,u,t,t,e,r,-,b,a,g,u,e,t,t,e
k,n,o,b,l,a,u,c,h,-,b,r,o,t,-,a,-,l,a,-,p,i,z,z,a,k,n,o,b,l,a,u,c,h,-,b,r,o,t,-,t,o,m,a,t,e,-,m,o,z,z,a,r,e,l,l,a
i,n,v,o,l,t,i,n,i,-,b,e,s,t,r,i,c,h,e,n,-,m,i,t,-,k,r,a,e,u,t,e,r,-,b,u,t,t,e,r,-,d,a,z,u,-,s,c,h,m,o,r,t,o,m,a,t,e,n,k,r,a,u,t,e,r,-,b,u,t,t,e,r,-,t,r,i,o,-,r,i,e,g,e,l,-,5,x,2,0,-,g
g,r,i,l,l,g,e,m,u,e,s,e,g,r,i,l,l,g,e,m,u,e,s,e
r,a,f,f,i,n,i,e,r,t,e,s,-,o,f,e,n,g,e,m,u,e,s,e,r,a,f,f,i,n,i,e,r,t,e,s,-,o,f,e,n,g,e,m,u,e,s,e
l,a,c,h,s,s,t,e,a,k,-,m,i,t,-,s,p,i,n,a,t,h,a,u,b,e,l,a,c,h,s,s,t,e,a,k,-,m,i,t,-,s,p,i,n,a,t,h,a,u,b,e
s,c,h,w,e,i,n,e,f,i,l,e,t,-,i,n,-,k,n,o,b,l,a,u,c,h,b,u,t,t,e,r,-,b,a,g,u,e,t,t,e,k,n,o,b,l,a,u,c,h,-,b,u,t,t,e,r,-,g,a,r,n,e,l,e,n,-,p,f,a,n,n,e,-,m,i,t,-,k,r,a,u,t,e,r,-,b,u,t,t,e,r,-,b,a,g,u,e,t,t,e
d,i,n,k,e,l,b,r,o,t,-,r,o,t,e,-,b,e,t,e,-,a,v,o,c,a,d,o,-,b,r,u,s,c,h,e,t,t,a,-,1,d,i,n,k,e,l,b,r,o,t,-,r,o,t,e,-,b,e,t,e,-,a,v,o,c,a,d,o,-,b,r,u,s,c,h,e,t,t,a
l,i,m,o,-,k,r,a,e,u,t,e,r,-,k,a,r,o,t,t,e,n,l,i,m,o,-,k,r,a,e,u,t,e,r,-,k,a,r,o,t,t,e,n
k,r,a,e,u,t,e,r,-,p,o,p,c,o,r,n,k,r,a,e,u,t,e,r,-,p,o,p,c,o,r,n
k,r,a,e,u,t,e,r,-,b,u,t,t,e,r,-,o,h,n,e,-,k,n,o,b,l,a,u,c,h,k,r,a,e,u,t,e,r,-,b,u,t,t,e,r,-,r,o,l,l,e,-,o,h,n,e,-,k,n,o,b,l,a,u,c,h,-,1,2,5,-,g
k,r,a,e,u,t,e,r,-,b,u,t,t,e,r,-,t,r,i,o,k,r,a,u,t,e,r,-,b,u,t,t,e,r,-,t,r,i,o,-,r,i,e,g,e,l,-,5,x,2,0,-,g
d,i,e,-,v,e,g,a,n,e,-,u,n,d,-,s,t,r,e,i,c,h,z,a,r,t,-,v,e,g,a,n,s,t,r,e,i,c,h,z,a,r,t,-,v,e,g,a,n,-,2,5,0,-,g
r,u,s,t,i,k,a,l,-,b,a,g,u,e,t,t,e,-,k,r,a,e,u,t,e,r,-,f,u,e,l,l,u,n,g,r,u,s,t,i,k,a,l,-,b,a,g,u,e,t,t,e,-,1,6,0,-,g
k,r,a,e,u,t,e,r,-,t,u,b,e,-,v,e,g,a,n,s,t,r,e,i,c,h,z,a,r,t,-,v,e,g,a,n,-,2,5,0,-,g
k,n,o,b,l,a,u,c,h,-,b,u,t,t,e,r,k,n,o,b,l,a,u,c,h,-,b,u,t,t,e,r,-,r,o,l,l,e,-,1,2,5,-,g
s,t,e,i,n,o,f,e,n,-,d,i,n,k,e,l,b,r,o,t,s,t,e,i,n,o,f,e,n,-,d,i,n,k,e,l,b,r,o,t,-,2,5,0,-,g
m,e,d,i,t,e,r,r,a,n,e,s,-,b,r,o,t,m,e,d,i,t,e,r,r,a,n,e,s,-,b,r,o,t,-,2,5,0,-,g
l,a,u,g,e,n,-,b,a,g,u,e,t,t,e,l,a,u,g,e,n,-,b,a,g,u,e,t,t,e,-,k,r,a,e,u,t,e,r,b,u,t,t,e,r,-,1,6,0,-,g
j,o,g,h,u,r,t,b,u,t,t,e,r,j,o,g,h,u,r,t,b,u,t,t,e,r,-,2,5,0,-,g
k,n,o,b,l,a,u,c,h,-,b,r,o,t,-,m,i,t,-,l,a,c,h,s,-,a,v,o,c,a,d,o,k,n,o,b,l,a,u,c,h,-,b,r,o,t,-,m,i,t,-,l,a,c,h,s,-,a,v,o,c,a,d,o
k,n,o,b,l,a,u,c,h,-,b,r,o,t,k,n,o,b,l,a,u,c,h,-,b,r,o,t,-,2,5,0,-,g
b,a,g,u,e,t,t,e,s,b,a,g,u,e,t,t,e,s,-,b,r,o,t,e
v,e,g,a,n,e,-,b,u,t,t,e,r,a,l,t,e,r,n,a,t,i,v,e,n,v,e,g,a,n
v,e,g,a,n,e,-,g,r,i,l,l,-,c,r,e,m,e,s,v,e,g,a,n,e,-,w,a,f,f,e,l,n
i,n,f,o,r,m,a,t,i,o,n,s,p,f,l,i,c,h,t,e,n,-,g,e,m,-,a,r,t,-,1,3,-,d,s,g,v,o,e,m,m,e,n,t,a,l,-,s,c,h,e,i,b,e,n,-,1,2,5,-,g
b,u,t,t,e,r,s,c,h,m,a,l,z,b,u,t,t,e,r,s,c,h,m,a,l,z,-,2,5,0,-,g
b,a,g,u,e,t,t,e,s,?,t,t,c,l,i,d,=,E,_,C,_,P,_,C,u,E,B,F,0,d,G,9,h,9,B,s,u,O,P,6,O,m,W,u,t,x,f,g,m,B,a,M,r,M,n,k,C,X,7,h,l,g,w,F,C,2,l,a,u,8,y,v,h,O,5,v,i,N,M,b,Z,Q,I,2,P,Z,C,k,L,8,T,m,s,G,d,H,N,m,w,x,A,G,s,C,e,P,4,4,i,t,y,E,1,F,D,V,x,A,R,1,M,i,S,Q,Q,E,C,4,A,l,j,O,I,5,9,5,v,1,v,N,2,Y,q,e,V,X,_,i,K,2,n,s,F,q,U,9,L,U,m,2,C,y,w,-,T,w,p,g,q,7,x,X,k,W,q,Z,-,T,7,v,7,0,i,3,s,N,j,V,r,J,i,P,S,i,T,p,P,U,P,D,a,3,s,w,N,g,x,O,q,F,Q,2,1,Z,y,k,-,e,h,t,5,G,E,d,b,U,X,h,Q,Y,3,y,1,k,A,V,n,m,M,f,S,j,w,M,Z,E,Y,j,m,U,r,0,5,B,G,t,p,8,d,R,p,Z,O,b,y,U,_,c,K,R,p,K,l,u,K,4,-,K,J,w,v,J,X,C,C,S,Z,7,y,X,F,b,I,k,x,I,E,n,8,W,l,m,L,k,J,g,z,0,k,q,4,K,4,A,g,_,L,1,R,g,V,_,j,Y,8,T,y,E,g,R,2,M,i,4,w,&,c,H,a,s,h,=,2,6,0,a,e,0,c,c,b,d,5,c,0,b,0,1,4,6,7,9,5,a,6,2,4,4,f,d,e,4,3,8,k,l,a,s,s,i,k,-,b,a,g,u,e,t,t,e,-,k,r,a,e,u,t,e,r,b,u,t,t,e,r,-,1,6,0,-,g
p,r,o,d,u,k,t,-,u,n,d,-,m,a,r,k,e,n,d,a,t,e,n,-,k,r,a,e,u,t,e,r,-,b,u,t,t,e,r,-,c,o,k,r,a,e,u,t,e,r,-,b,u,t,t,e,r,-,r,i,e,g,e,l,-,5,x,2,0,-,g
m,a,r,k,e,n,l,o,g,o,k,u,e,r,b,i,s,r,i,s,o,t,t,o,-,m,i,t,-,w,a,l,n,u,e,s,s,e,n
m,a,r,k,t,f,u,e,h,r,e,r,-,m,e,g,g,l,e,-,b,e,l,e,b,t,-,d,a,s,-,b,u,t,t,e,r,z,u,b,e,r,e,i,t,u,n,g,s,-,s,o,r,t,i,m,e,n,t,-,z,u,r,-,g,r,i,l,l,s,a,i,s,o,n,-,1,b,u,t,t,e,r,k,u,c,h,e,n,-,m,i,t,-,m,a,n,d,e,l,n
v,e,g,a,n,e,-,b,u,t,t,e,r,a,l,t,e,r,n,a,t,i,v,e,n,v,e,g,a,n
n,e,u,e,-,g,r,i,l,l,b,e,i,l,a,g,e,-,v,o,n,-,m,e,g,g,l,e,-,f,o,c,a,c,c,i,a,-,r,o,s,m,a,r,i,n,-,m,e,e,r,s,a,l,z,k,n,o,b,l,a,u,c,h,-,b,r,o,t,-,m,i,t,-,r,o,t,e,-,b,e,t,e,-,h,u,m,m,u,s
n,e,u,e,s,-,t,r,e,n,d,-,b,a,g,u,e,t,t,e,-,c,h,i,l,i,-,c,h,e,e,s,e,-,v,o,n,-,m,e,g,g,l,e,c,h,i,l,i,-,u,n,d,-,c,h,e,e,s,e,-,d,a,s,-,n,e,u,e,-,m,e,g,g,l,e,-,t,r,e,n,d,-,b,a,g,u,e,t,t,e
p,r,o,d,u,k,t,-,u,n,d,-,m,a,r,k,e,n,d,a,t,e,n
m,e,g,g,l,e,-,s,t,e,i,n,o,f,e,n,-,d,i,n,k,e,l,b,r,o,t,s,t,e,i,n,o,f,e,n,-,d,i,n,k,e,l,b,r,o,t,-,2,5,0,-,g
p,u,b,l,i,k,u,m,s,-,p,r,e,s,s,e,-,u,e,b,e,r,s,i,c,h,t,p,u,b,l,i,k,u,m,s,p,r,e,s,s,e
e,d,l,e,r,-,g,e,n,u,s,s,-,f,u,e,r,-,d,i,e,-,f,e,s,t,t,a,g,s,s,a,i,s,o,n,k,n,o,b,l,a,u,c,h,-,b,r,o,t,-,m,i,t,-,z,i,e,g,e,n,k,a,e,s,e,-,u,n,d,-,w,a,l,n,u,s,s
p,r,e,s,s,e,b,e,r,e,i,c,h,-,r,e,z,e,p,t,e,p,u,b,l,i,k,u,m,s,p,r,e,s,s,e
k,n,o,b,l,a,u,c,h,b,r,o,t,-,m,i,t,-,p,u,l,l,e,d,-,k,r,a,e,u,t,e,r,s,e,i,t,l,i,n,g,e,n,k,n,o,b,l,a,u,c,h,-,b,r,o,t,-,m,i,t,-,p,u,l,l,e,d,-,k,r,a,e,u,t,e,r,s,e,i,t,l,i,n,g,e,n
p,u,l,l,e,d,-,m,u,s,h,r,o,o,m,-,b,u,r,g,e,r,-,m,i,t,-,k,n,o,b,l,a,u,c,h,-,b,r,o,t,p,u,l,l,e,d,-,m,u,s,h,r,o,o,m,-,b,u,r,g,e,r
v,e,g,a,n,e,-,b,l,u,e,b,e,r,r,y,-,m,a,n,g,o,-,p,a,n,c,a,k,e,s,-,1,v,e,g,a,n,e,-,p,a,n,c,a,k,e,s,-,m,i,t,-,b,a,n,a,n,e
v,e,g,a,n,e,-,p,a,s,t,a,-,b,u,r,r,o,-,e,-,s,a,l,v,i,a,-,1,v,e,g,a,n
v,e,g,a,n,e,-,s,c,h,o,k,o,l,a,d,e,n,-,h,i,m,b,e,e,r,h,e,r,z,e,n,-,1,v,e,g,a,n,e,-,w,a,f,f,e,l,n
o,m,a,s,-,s,p,i,t,z,b,u,b,e,n,o,m,a,s,-,s,p,i,t,z,b,u,b,e,n
b,r,a,t,a,p,f,e,l,s,t,e,r,n,e,-,m,i,t,-,g,r,e,n,a,d,i,n,e,g,l,a,s,u,r,b,r,a,t,a,p,f,e,l,s,t,e,r,n,e,-,m,i,t,-,g,r,e,n,a,d,i,n,e,g,l,a,s,u,r
b,u,n,t,e,-,a,d,v,e,n,t,s,k,r,i,n,g,e,l,b,u,n,t,e,-,a,d,v,e,n,t,s,k,r,i,n,g,e,l
r,u,d,o,l,f,-,l,e,b,k,u,c,h,e,n,r,u,d,o,l,f,-,l,e,b,k,u,c,h,e,n
o,m,a,s,-,v,a,n,i,l,l,e,k,i,p,f,e,r,l,o,m,a,s,-,v,a,n,i,l,l,e,k,i,p,f,e,r,l
f,e,i,n,e,r,-,b,u,t,t,e,r,z,o,p,f,f,e,i,n,e,r,-,b,u,t,t,e,r,z,o,p,f
p,i,s,t,a,z,i,e,n,-,m,a,t,c,h,a,-,s,t,e,r,n,e,p,i,s,t,a,z,i,e,n,-,m,a,t,c,h,a,-,s,t,e,r,n,e
w,e,i,h,n,a,c,h,t,s,a,l,l,e,r,l,e,i,-,1,w,e,i,h,n,a,c,h,t,s,-,a,l,l,e,r,l,e,i
s,c,h,u,p,f,n,u,d,e,l,n,-,m,i,t,-,k,r,a,e,u,t,e,r,-,b,u,t,t,e,r,k,r,a,u,t,e,r,-,b,u,t,t,e,r,-,t,r,i,o,-,r,i,e,g,e,l,-,5,x,2,0,-,g
p,e,t,e,r,s,i,l,i,e,n,-,r,i,s,o,t,t,o,-,m,i,t,-,k,r,a,e,u,t,e,r,-,b,u,t,t,e,r,-,u,n,d,-,p,i,n,i,e,n,k,e,r,n,e,n,k,r,a,e,u,t,e,r,-,b,u,t,t,e,r,-,p,i,z,z,a,-,b,a,g,u,e,t,t,e,-,a,l,l,a,-,c,a,p,r,e,s,e
t,a,g,l,i,a,t,e,l,l,e,-,m,i,t,-,k,u,e,r,b,i,s,-,u,n,d,-,h,o,n,i,g,-,z,i,e,g,e,n,k,a,e,s,e,k,n,o,b,l,a,u,c,h,-,b,u,t,t,e,r,-,g,a,r,n,e,l,e,n,-,p,f,a,n,n,e,-,m,i,t,-,k,r,a,u,t,e,r,-,b,u,t,t,e,r,-,b,a,g,u,e,t,t,e
k,a,r,t,o,f,f,e,l,s,a,l,a,t,-,m,i,t,-,k,r,a,e,u,t,e,r,-,b,u,t,t,e,r,k,r,a,u,t,e,r,-,b,u,t,t,e,r,-,t,r,i,o,-,r,i,e,g,e,l,-,5,x,2,0,-,g
k,n,o,b,l,a,u,c,h,b,r,o,t,-,m,i,t,-,p,u,l,l,e,d,-,k,r,a,e,u,t,e,r,s,e,i,t,l,i,n,g,e,n,k,n,o,b,l,a,u,c,h,-,b,r,o,t,-,m,i,t,-,p,u,l,l,e,d,-,k,r,a,e,u,t,e,r,s,e,i,t,l,i,n,g,e,n
v,e,g,a,n,e,-,b,u,r,g,e,r,v,e,g,e,t,a,r,i,s,c,h,e,-,k,r,a,e,u,t,e,r,-,b,u,r,g,e,r
f,l,u,f,f,i,g,e,s,-,k,r,a,e,u,t,e,r,-,z,o,p,f,b,r,o,t,f,l,u,f,f,i,g,e,s,-,k,r,a,e,u,t,e,r,-,z,u,p,f,b,r,o,t
v,e,g,a,n,e,-,t,a,p,a,s,v,e,g,a,n
w,a,r,m,e,r,-,r,o,t,e,-,b,e,t,e,-,s,a,l,a,t,-,m,i,t,-,k,r,a,e,u,t,e,r,-,b,u,t,t,e,r,-,k,a,r,a,m,e,l,l,i,s,i,e,r,t,e,n,-,n,u,e,s,s,e,n,-,u,n,d,-,j,o,g,h,u,r,t,k,n,o,b,l,a,u,c,h,-,b,r,o,t,-,m,i,t,-,r,o,t,e,-,b,e,t,e,-,h,u,m,m,u,s
v,e,g,e,t,a,r,i,s,c,h,e,-,t,a,c,o,s,-,m,i,t,-,g,e,r,o,e,s,t,e,t,e,m,-,k,r,a,e,u,t,e,r,-,b,l,u,m,e,n,k,o,h,l,v,e,g,e,t,a,r,i,s,c,h,e,-,k,r,a,e,u,t,e,r,-,b,u,r,g,e,r
v,e,g,a,n,e,-,p,i,n,t,x,o,s,v,e,g,a,n
w,i,n,t,e,r,-,p,i,z,z,a,-,v,o,m,-,g,r,i,l,l,k,r,a,e,u,t,e,r,-,b,u,t,t,e,r,-,p,i,z,z,a,-,b,a,g,u,e,t,t,e,-,a,l,l,a,-,c,a,p,r,e,s,e
p,u,l,l,e,d,-,s,a,l,m,o,n,-,b,u,r,g,e,r,-,m,i,t,-,a,h,o,r,n,s,i,r,u,p,-,k,r,a,e,u,t,e,r,-,k,u,e,r,b,i,s,-,c,h,u,t,n,e,y,-,r,o,t,k,r,a,u,t,p,u,l,l,e,d,-,m,u,s,h,r,o,o,m,-,b,u,r,g,e,r
r,o,a,s,t,b,e,e,f,-,s,a,n,d,w,i,c,h,-,m,i,t,-,k,r,a,e,u,t,e,r,b,u,t,t,e,r,-,c,h,a,m,p,i,g,n,o,n,s,-,u,n,d,-,h,o,n,i,g,-,s,e,n,f,-,s,a,u,c,e,d,i,n,k,e,l,b,r,o,t,-,t,o,m,a,t,e,n,-,m,o,z,z,a,r,e,l,l,a,-,s,a,n,d,w,i,c,h
b,l,a,e,t,t,e,r,t,e,i,g,b,a,e,u,m,c,h,e,n,-,m,i,t,-,l,a,c,h,s,b,l,a,e,t,t,e,r,t,e,i,g,b,a,e,u,m,c,h,e,n,-,m,i,t,-,l,a,c,h,s
r,o,a,d,k,i,l,l,-,c,h,i,c,k,e,n,-,m,i,t,-,g,r,i,l,l,g,e,m,u,e,s,e,g,r,i,l,l,g,e,m,u,e,s,e
a,l,l,e,-,r,e,z,e,p,t,e,a,l,l,r,o,u,n,d,e,r,-,s,o,s,s,e,n
m,e,g,g,l,e,-,s,t,e,i,n,o,f,e,n,-,d,i,n,k,e,l,b,r,o,t,s,t,e,i,n,o,f,e,n,-,d,i,n,k,e,l,b,r,o,t,-,2,5,0,-,g
u,r,l,a,u,b,s,f,e,e,l,i,n,g,-,a,u,f,-,d,e,n,-,t,e,l,l,e,r,n,-,m,i,t,-,d,e,r,-,m,e,g,g,l,e,-,f,o,c,a,c,c,i,a,-,r,o,s,m,a,r,i,n,-,m,e,e,r,s,a,l,z,k,n,o,b,l,a,u,c,h,-,b,r,o,t,-,m,i,t,-,r,o,t,e,-,b,e,t,e,-,h,u,m,m,u,s
m,e,g,g,l,e,-,t,r,u,e,f,f,e,l,b,u,t,t,e,r,s,n,a,c,k,b,o,a,r,d,-,m,i,t,-,m,e,g,g,l,e,-,k,n,o,b,l,a,u,c,h,-,b,r,o,t
c,h,i,l,i,-,u,n,d,-,c,h,e,e,s,e,-,d,a,s,-,n,e,u,e,-,m,e,g,g,l,e,-,t,r,e,n,d,-,b,a,g,u,e,t,t,e,c,h,i,l,i,-,u,n,d,-,c,h,e,e,s,e,-,d,a,s,-,n,e,u,e,-,m,e,g,g,l,e,-,t,r,e,n,d,-,b,a,g,u,e,t,t,e
b,a,g,u,e,t,t,e,-,r,e,z,e,p,t,e,k,n,o,b,l,a,u,c,h,-,b,u,t,t,e,r,-,g,a,r,n,e,l,e,n,-,p,f,a,n,n,e,-,m,i,t,-,k,r,a,u,t,e,r,-,b,u,t,t,e,r,-,b,a,g,u,e,t,t,e
b,u,t,t,e,r,-,c,o,-,r,e,z,e,p,t,e,b,u,t,t,e,r,k,u,c,h,e,n,-,m,i,t,-,m,a,n,d,e,l,n
k,r,a,e,u,t,e,r,-,b,u,t,t,e,r,-,c,o,-,r,e,z,e,p,t,e,d,o,r,a,d,e,-,m,i,t,-,k,r,a,e,u,t,e,r,-,b,u,t,t,e,r
l,a,-,d,o,l,c,e,-,v,i,t,a,-,m,e,g,g,l,e,-,s,o,r,g,t,-,f,u,e,r,-,i,t,a,l,i,e,n,f,e,e,l,i,n,g,-,b,e,i,m,-,g,r,i,l,l,e,n,k,r,a,e,u,t,e,r,-,b,u,t,t,e,r,-,p,i,z,z,a,-,b,a,g,u,e,t,t,e,-,a,l,l,a,-,c,a,p,r,e,s,e
v,e,g,a,n,e,-,b,u,t,t,e,r,a,l,t,e,r,n,a,t,i,v,e,n,v,e,g,a,n
s,u,e,s,s,e,r,-,b,i,e,n,e,n,k,u,c,h,e,n,b,i,e,n,e,n,-,k,u,c,h,e,n
b,u,t,t,e,r,k,u,c,h,e,n,-,m,i,t,-,m,a,n,d,e,l,n,b,u,t,t,e,r,k,u,c,h,e,n,-,m,i,t,-,m,a,n,d,e,l,n
b,i,r,n,e,n,-,n,u,s,s,-,k,u,c,h,e,n,-,i,m,-,g,l,a,s,-,1,b,i,r,n,e,n,-,n,u,s,s,-,k,u,c,h,e,n,-,i,m,-,g,l,a,s
i,n,v,o,l,t,i,n,i,-,b,e,s,t,r,i,c,h,e,n,-,m,i,t,-,k,r,a,e,u,t,e,r,-,b,u,t,t,e,r,-,d,a,z,u,-,s,c,h,m,o,r,t,o,m,a,t,e,n,k,r,a,u,t,e,r,-,b,u,t,t,e,r,-,t,r,i,o,-,r,i,e,g,e,l,-,5,x,2,0,-,g
o,m,a,s,-,v,a,n,i,l,l,e,k,i,p,f,e,r,l,-,1,o,m,a,s,-,v,a,n,i,l,l,e,k,i,p,f,e,r,l
g,r,i,l,l,g,e,m,u,e,s,e,g,r,i,l,l,g,e,m,u,e,s,e
s,p,a,r,g,e,l,-,k,l,a,s,s,i,s,c,h,-,m,i,t,-,a,l,p,e,n,b,u,t,t,e,r,-,1,k,n,o,b,l,a,u,c,h,-,b,u,t,t,e,r,-,g,a,r,n,e,l,e,n,-,p,f,a,n,n,e,-,m,i,t,-,k,r,a,u,t,e,r,-,b,u,t,t,e,r,-,b,a,g,u,e,t,t,e
o,m,a,s,-,s,p,i,t,z,b,u,b,e,n,-,1,o,m,a,s,-,s,p,i,t,z,b,u,b,e,n
z,u,c,c,h,i,n,i,t,u,e,r,m,c,h,e,n,-,m,i,t,-,h,a,c,k,-,m,a,i,s,-,f,u,e,l,l,u,n,g,-,u,n,d,-,k,r,a,e,u,t,e,r,-,b,u,t,t,e,r,k,n,o,b,l,a,u,c,h,-,b,u,t,t,e,r,-,g,a,r,n,e,l,e,n,-,p,f,a,n,n,e,-,m,i,t,-,k,r,a,u,t,e,r,-,b,u,t,t,e,r,-,b,a,g,u,e,t,t,e
s,a,l,z,b,u,r,g,e,r,-,b,i,e,r,b,r,e,z,e,l,s,u,p,p,e,-,m,i,t,-,m,e,g,g,l,e,-,k,r,a,e,u,t,e,r,-,b,u,t,t,e,r,k,n,o,b,l,a,u,c,h,-,b,u,t,t,e,r,-,g,a,r,n,e,l,e,n,-,p,f,a,n,n,e,-,m,i,t,-,k,r,a,u,t,e,r,-,b,u,t,t,e,r,-,b,a,g,u,e,t,t,e
f,e,t,a,-,a,u,f,-,a,u,b,e,r,g,i,n,e,n,-,t,o,m,a,t,e,n,f,e,t,a,-,a,u,f,-,a,u,b,e,r,g,i,n,e,n,-,t,o,m,a,t,e,n
s,u,e,s,s,e,-,o,r,a,n,g,e,n,p,l,a,e,t,z,c,h,e,n,s,u,e,s,s,e,-,o,r,a,n,g,e,n,p,l,a,e,t,z,c,h,e,n
s,p,e,k,u,l,a,t,i,u,s,-,m,a,n,d,a,r,i,n,e,n,-,d,e,s,s,e,r,t,-,i,m,-,g,l,a,s,s,p,e,k,u,l,a,t,i,u,s,-,m,a,n,d,a,r,i,n,e,n,-,d,e,s,s,e,r,t,-,i,m,-,g,l,a,s
p,i,s,t,a,z,i,e,n,-,m,a,t,c,h,a,-,s,t,e,r,n,e,-,1,p,i,s,t,a,z,i,e,n,-,m,a,t,c,h,a,-,s,t,e,r,n,e
4,0,4,s,n,a,c,k,b,o,a,r,d,-,m,i,t,-,m,e,g,g,l,e,-,k,n,o,b,l,a,u,c,h,-,b,r,o,t
k,i,r,s,c,h,-,s,t,r,e,u,s,e,l,k,u,c,h,e,n,-,m,i,t,-,j,o,g,h,u,r,t,b,u,t,t,e,r,-,2,j,o,g,h,u,r,t,b,u,t,t,e,r,-,2,5,0,-,g
p,r,o,d,u,k,t,e,k,r,a,u,t,e,r,-,b,u,t,t,e,r,-,t,r,i,o,-,r,i,e,g,e,l,-,5,x,2,0,-,g
k,n,o,b,l,a,u,c,h,-,b,r,o,t,-,f,u,e,r,-,d,i,e,-,p,a,r,t,y,k,n,o,b,l,a,u,c,h,-,b,r,o,t,-,a,-,l,a,-,f,l,a,m,m,k,u,c,h,e,n
f,i,s,c,h,f,i,l,e,t,-,m,i,t,-,a,u,f,g,e,s,c,h,a,e,u,m,t,e,r,-,p,e,t,e,r,s,i,l,i,e,n,b,u,t,t,e,r,-,1,k,n,o,b,l,a,u,c,h,-,b,r,o,t,-,m,i,t,-,r,o,t,e,-,b,e,t,e,-,h,u,m,m,u,s
k,i,r,s,c,h,-,s,t,r,e,u,s,e,l,k,u,c,h,e,n,-,m,i,t,-,j,o,g,h,u,r,t,b,u,t,t,e,r,j,o,g,h,u,r,t,b,u,t,t,e,r,-,2,5,0,-,g
l,i,n,g,u,i,n,e,-,i,n,-,k,a,l,b,f,l,e,i,s,c,h,-,s,a,u,c,e,-,v,e,r,f,e,i,n,e,r,t,-,m,i,t,-,k,n,o,b,l,a,u,c,h,-,b,u,t,t,e,r,k,n,o,b,l,a,u,c,h,-,b,u,t,t,e,r,-,g,a,r,n,e,l,e,n,-,p,f,a,n,n,e,-,m,i,t,-,k,r,a,u,t,e,r,-,b,u,t,t,e,r,-,b,a,g,u,e,t,t,e
k,a,r,t,o,f,f,e,l,f,a,e,c,h,e,r,k,a,r,t,o,f,f,e,l,f,a,e,c,h,e,r
w,e,i,h,n,a,c,h,t,s,a,l,l,e,r,l,e,i,w,e,i,h,n,a,c,h,t,s,-,a,l,l,e,r,l,e,i
b,l,a,e,t,t,e,r,t,e,i,g,-,w,e,i,h,n,a,c,h,t,s,b,a,u,m,-,m,i,t,-,a,e,p,f,e,l,-,1,b,l,a,e,t,t,e,r,t,e,i,g,w,e,i,h,n,a,c,h,t,s,b,a,u,m,-,m,i,t,-,a,e,p,f,e,l,n
r,i,g,a,t,o,n,i,-,m,i,t,-,k,n,o,b,l,a,u,c,h,b,u,t,t,e,r,-,t,o,m,a,t,e,n,-,u,n,d,-,l,a,c,h,s,k,n,o,b,l,a,u,c,h,-,b,r,o,t,-,t,o,m,a,t,e,-,m,o,z,z,a,r,e,l,l,a
k,n,o,b,l,a,u,c,h,-,b,r,o,t,-,k,u,e,r,b,i,s,-,b,r,u,s,c,h,e,t,t,a,k,n,o,b,l,a,u,c,h,-,b,r,o,t,-,k,u,e,r,b,i,s,-,b,r,u,s,c,h,e,t,t,a
s,u,e,s,s,e,-,o,s,t,e,r,k,u,e,k,e,n,-,1,s,u,e,s,s,e,-,o,s,t,e,r,k,u,e,k,e,n
s,u,e,s,s,k,a,r,t,o,f,f,e,l,s,c,h,i,f,f,c,h,e,n,s,u,e,s,s,k,a,r,t,o,f,f,e,l,s,c,h,i,f,f,c,h,e,n
k,u,e,r,b,i,s,-,r,i,s,o,t,t,o,-,m,i,t,-,w,a,l,n,u,e,s,s,e,n,-,1,k,u,e,r,b,i,s,-,g,n,o,c,c,h,i
d,o,n,u,t,-,h,a,s,e,n,-,1,d,o,n,u,t,-,h,a,s,e,n
f,i,s,c,h,f,i,l,e,t,-,m,i,t,-,a,u,f,g,e,s,c,h,a,e,u,m,t,e,r,-,p,e,t,e,r,s,i,l,i,e,n,b,u,t,t,e,r,k,n,o,b,l,a,u,c,h,-,b,r,o,t,-,m,i,t,-,r,o,t,e,-,b,e,t,e,-,h,u,m,m,u,s
t,h,a,i,-,c,u,r,r,y,-,m,i,t,-,h,a,e,h,n,c,h,e,n,-,u,n,d,-,k,r,a,e,u,t,e,r,-,b,u,t,t,e,r,-,o,h,n,e,-,k,n,o,b,l,a,u,c,h,k,n,o,b,l,a,u,c,h,-,b,r,o,t,-,m,i,t,-,r,o,t,e,-,b,e,t,e,-,h,u,m,m,u,s
k,n,o,b,l,a,u,c,h,-,b,r,o,t,-,g,r,i,e,c,h,i,s,c,h,k,n,o,b,l,a,u,c,h,-,b,r,o,t,-,m,i,t,-,z,i,e,g,e,n,k,a,e,s,e,-,u,n,d,-,w,a,l,n,u,s,s
f,e,i,n,e,r,-,b,u,t,t,e,r,z,o,p,f,-,1,f,e,i,n,e,r,-,b,u,t,t,e,r,z,o,p,f
k,n,o,b,l,a,u,c,h,-,b,r,o,t,-,m,i,t,-,s,p,i,n,a,t,-,c,h,a,m,p,i,g,n,o,n,s,-,u,n,d,-,z,w,i,e,b,e,l,n,k,n,o,b,l,a,u,c,h,-,b,r,o,t,-,m,i,t,-,s,p,i,n,a,t,-,c,h,a,m,p,i,g,n,o,n,s,-,u,n,d,-,z,w,i,e,b,e,l,n
k,r,a,e,u,t,e,r,-,b,u,r,g,e,r,-,m,i,t,-,m,e,g,g,l,e,-,k,r,a,e,u,t,e,r,-,t,u,b,e,-,1,v,e,g,e,t,a,r,i,s,c,h,e,-,k,r,a,e,u,t,e,r,-,b,u,r,g,e,r
k,n,u,s,p,r,i,g,e,s,-,k,r,a,e,u,t,e,r,b,u,t,t,e,r,-,b,a,g,u,e,t,t,e,-,m,i,t,-,m,a,s,c,a,p,o,n,e,c,r,e,m,e,k,r,a,e,u,t,e,r,-,b,u,t,t,e,r,-,p,i,z,z,a,-,b,a,g,u,e,t,t,e,-,a,l,l,a,-,c,a,p,r,e,s,e
f,r,u,c,h,t,i,g,e,r,-,a,p,f,e,l,k,u,c,h,e,n,f,r,u,c,h,t,i,g,e,r,-,a,p,f,e,l,k,u,c,h,e,n
k,n,o,b,l,a,u,c,h,-,b,r,o,t,-,a,-,l,a,-,r,a,c,l,e,t,t,e,k,n,o,b,l,a,u,c,h,-,b,r,o,t,-,a,-,l,a,-,r,a,c,l,e,t,t,e
s,p,a,r,g,e,l,-,p,r,i,m,a,v,e,r,a,-,m,i,t,-,k,r,a,e,u,t,e,r,-,b,u,t,t,e,r,-,o,h,n,e,-,k,n,o,b,l,a,u,c,h,k,n,o,b,l,a,u,c,h,-,b,u,t,t,e,r,-,g,a,r,n,e,l,e,n,-,p,f,a,n,n,e,-,m,i,t,-,k,r,a,u,t,e,r,-,b,u,t,t,e,r,-,b,a,g,u,e,t,t,e
k,n,o,b,l,a,u,c,h,-,b,r,o,t,-,m,i,t,-,t,h,u,n,f,i,s,c,h,k,n,o,b,l,a,u,c,h,-,b,r,o,t,-,m,i,t,-,t,h,u,n,f,i,s,c,h
k,n,o,b,l,a,u,c,h,-,b,r,o,t,-,a,-,l,a,-,b,r,u,s,c,h,e,t,t,a,k,n,o,b,l,a,u,c,h,-,b,r,o,t,-,k,u,e,r,b,i,s,-,b,r,u,s,c,h,e,t,t,a
k,n,o,b,l,a,u,c,h,-,b,r,o,t,-,m,i,t,-,s,h,r,i,m,p,s,k,n,o,b,l,a,u,c,h,-,b,r,o,t,-,m,i,t,-,r,o,t,e,-,b,e,t,e,-,h,u,m,m,u,s
b,r,a,t,a,p,f,e,l,s,t,e,r,n,e,-,m,i,t,-,g,r,e,n,a,d,i,n,e,g,l,a,s,u,r,-,1,b,r,a,t,a,p,f,e,l,s,t,e,r,n,e,-,m,i,t,-,g,r,e,n,a,d,i,n,e,g,l,a,s,u,r
t,e,i,l,n,a,h,m,e,b,e,d,i,n,g,u,n,g,e,n
s,c,h,w,e,i,n,e,f,i,l,e,t,-,i,n,-,k,n,o,b,l,a,u,c,h,b,u,t,t,e,r,-,b,a,g,u,e,t,t,e,k,n,o,b,l,a,u,c,h,-,b,u,t,t,e,r,-,g,a,r,n,e,l,e,n,-,p,f,a,n,n,e,-,m,i,t,-,k,r,a,u,t,e,r,-,b,u,t,t,e,r,-,b,a,g,u,e,t,t,e
k,n,o,b,l,a,u,c,h,-,b,r,o,t,-,m,i,t,-,z,i,e,g,e,n,k,a,e,s,e,-,u,n,d,-,w,a,l,n,u,s,s,k,n,o,b,l,a,u,c,h,-,b,r,o,t,-,m,i,t,-,z,i,e,g,e,n,k,a,e,s,e,-,u,n,d,-,w,a,l,n,u,s,s
k,n,o,b,l,a,u,c,h,-,b,r,o,t,-,t,o,m,a,t,e,-,m,o,z,z,a,r,e,l,l,a,k,n,o,b,l,a,u,c,h,-,b,r,o,t,-,t,o,m,a,t,e,-,m,o,z,z,a,r,e,l,l,a
k,n,o,b,l,a,u,c,h,-,b,r,o,t,-,t,e,x,-,m,e,x,k,n,o,b,l,a,u,c,h,-,b,r,o,t,-,t,e,x,-,m,e,x
v,e,g,g,i,e,b,u,r,g,e,r,-,m,i,t,-,m,e,g,g,l,e,-,k,r,a,e,u,t,e,r,-,b,u,t,t,e,r,v,e,g,e,t,a,r,i,s,c,h,e,-,k,r,a,e,u,t,e,r,-,b,u,r,g,e,r
k,n,u,s,p,r,i,g,e,-,k,i,c,h,e,r,e,r,b,s,e,n,-,1,k,i,r,s,c,h,s,t,r,e,u,s,e,l,k,u,c,h,e,n
k,n,o,b,l,a,u,c,h,-,b,r,o,t,-,m,i,t,-,p,f,i,f,f,e,r,l,i,n,g,e,n,k,n,o,b,l,a,u,c,h,-,b,r,o,t,-,m,i,t,-,p,f,i,f,f,e,r,l,i,n,g,e,n
l,a,c,h,s,s,t,e,a,k,-,m,i,t,-,s,p,i,n,a,t,h,a,u,b,e,l,a,c,h,s,s,t,e,a,k,-,m,i,t,-,s,p,i,n,a,t,h,a,u,b,e
s,p,e,c,k,-,p,o,r,r,e,e,-,m,u,f,f,i,n,s,-,m,i,t,-,j,o,g,h,u,r,t,b,u,t,t,e,r,s,p,e,c,k,-,p,o,r,r,e,e,-,m,u,f,f,i,n,s
s,p,e,c,k,-,p,o,r,r,e,e,-,m,u,f,f,i,n,s,-,m,i,t,-,j,o,g,h,u,r,t,b,u,t,t,e,r,-,1,s,p,e,c,k,-,p,o,r,r,e,e,-,m,u,f,f,i,n,s
h,a,e,h,n,c,h,e,n,b,r,u,s,t,f,i,l,e,t,-,g,o,u,r,m,e,t,-,m,i,t,-,k,r,a,e,u,t,e,r,-,b,u,t,t,e,r,-,o,h,n,e,-,k,n,o,b,l,a,u,c,h,k,n,o,b,l,a,u,c,h,-,b,u,t,t,e,r,-,g,a,r,n,e,l,e,n,-,p,f,a,n,n,e,-,m,i,t,-,k,r,a,u,t,e,r,-,b,u,t,t,e,r,-,b,a,g,u,e,t,t,e
s,p,a,r,g,e,l,-,k,l,a,s,s,i,s,c,h,-,m,i,t,-,a,l,p,e,n,b,u,t,t,e,r,k,n,o,b,l,a,u,c,h,-,b,u,t,t,e,r,-,g,a,r,n,e,l,e,n,-,p,f,a,n,n,e,-,m,i,t,-,k,r,a,u,t,e,r,-,b,u,t,t,e,r,-,b,a,g,u,e,t,t,e
f,r,u,c,h,t,i,g,e,r,-,a,p,f,e,l,k,u,c,h,e,n,-,1,f,r,u,c,h,t,i,g,e,r,-,a,p,f,e,l,k,u,c,h,e,n
s,p,a,g,h,e,t,t,i,-,i,n,-,z,i,t,r,o,n,e,n,b,u,t,t,e,r,-,m,i,t,-,g,a,r,n,e,l,e,n,-,1,s,p,a,g,h,e,t,t,i,-,i,n,-,z,i,t,r,o,n,e,n,b,u,t,t,e,r,-,m,i,t,-,g,a,r,n,e,l,e,n
r,u,d,o,l,f,-,l,e,b,k,u,c,h,e,n,-,1,r,u,d,o,l,f,-,l,e,b,k,u,c,h,e,n
p,r,o,d,u,k,t,-,u,n,d,-,m,a,r,k,e,n,d,a,t,e,n,-,b,u,t,t,e,r,-,s,p,e,z,i,a,l,i,t,a,e,t,e,n,-,u,e,b,e,r,s,i,c,h,t,f,e,i,n,e,-,b,u,t,t,e,r,-,2,5,0,-,g
g,l,u,e,c,k,s,p,i,l,z,-,r,i,s,o,t,t,o,k,r,a,e,u,t,e,r,-,b,u,t,t,e,r,-,p,i,z,z,a,-,b,a,g,u,e,t,t,e,-,a,l,l,a,-,c,a,p,r,e,s,e
p,u,t,e,n,m,e,d,a,i,l,l,o,n,s,-,m,i,t,-,k,o,h,l,r,a,b,i,g,e,m,u,e,s,e,-,u,n,d,-,l,i,m,e,t,t,e,n,-,h,o,l,l,a,n,d,a,i,s,e,-,1,k,n,o,b,l,a,u,c,h,-,b,u,t,t,e,r,-,g,a,r,n,e,l,e,n,-,p,f,a,n,n,e,-,m,i,t,-,k,r,a,u,t,e,r,-,b,u,t,t,e,r,-,b,a,g,u,e,t,t,e
b,i,r,n,e,n,-,n,u,s,s,-,k,u,c,h,e,n,-,i,m,-,g,l,a,s,b,i,r,n,e,n,-,n,u,s,s,-,k,u,c,h,e,n,-,i,m,-,g,l,a,s
f,a,q,s,f,a,q
s,t,e,a,k,-,r,o,u,l,a,d,e,n,s,t,e,a,k,-,r,o,u,l,a,d,e,n
k,n,o,b,l,a,u,c,h,-,b,r,o,t,-,a,-,l,a,-,p,i,z,z,a,k,n,o,b,l,a,u,c,h,-,b,r,o,t,-,t,o,m,a,t,e,-,m,o,z,z,a,r,e,l,l,a
b,u,t,t,e,r,k,u,c,h,e,n,-,m,i,t,-,m,a,n,d,e,l,n,-,1,b,u,t,t,e,r,k,u,c,h,e,n,-,m,i,t,-,m,a,n,d,e,l,n
k,u,e,r,b,i,s,-,r,i,s,o,t,t,o,-,m,i,t,-,w,a,l,n,u,e,s,s,e,n,k,u,e,r,b,i,s,-,g,n,o,c,c,h,i
k,n,o,b,l,a,u,c,h,-,b,r,o,t,-,a,-,l,a,-,f,l,a,m,m,k,u,c,h,e,n,k,n,o,b,l,a,u,c,h,-,b,r,o,t,-,a,-,l,a,-,f,l,a,m,m,k,u,c,h,e,n
d,o,r,a,d,e,-,m,i,t,-,k,r,a,e,u,t,e,r,-,b,u,t,t,e,r,d,o,r,a,d,e,-,m,i,t,-,k,r,a,e,u,t,e,r,-,b,u,t,t,e,r
b,u,n,t,e,-,a,d,v,e,n,t,s,k,r,i,n,g,e,l,-,1,b,u,n,t,e,-,a,d,v,e,n,t,s,k,r,i,n,g,e,l
s,p,a,g,h,e,t,t,i,-,i,n,-,z,i,t,r,o,n,e,n,b,u,t,t,e,r,-,m,i,t,-,g,a,r,n,e,l,e,n,s,p,a,g,h,e,t,t,i,-,i,n,-,z,i,t,r,o,n,e,n,b,u,t,t,e,r,-,m,i,t,-,g,a,r,n,e,l,e,n
h,a,e,h,n,c,h,e,n,-,a,-,l,a,-,s,a,l,t,i,m,b,o,c,c,a,h,a,e,h,n,c,h,e,n,-,a,-,l,a,-,s,a,l,t,i,m,b,o,c,c,a
p,u,t,e,n,m,e,d,a,i,l,l,o,n,s,-,m,i,t,-,k,o,h,l,r,a,b,i,g,e,m,u,e,s,e,-,u,n,d,-,l,i,m,e,t,t,e,n,-,h,o,l,l,a,n,d,a,i,s,e,k,n,o,b,l,a,u,c,h,-,b,u,t,t,e,r,-,g,a,r,n,e,l,e,n,-,p,f,a,n,n,e,-,m,i,t,-,k,r,a,u,t,e,r,-,b,u,t,t,e,r,-,b,a,g,u,e,t,t,e
